loss,accuracy,val_loss,val_accuracy
0.9264221787452698,0.5471264123916626,0.6216315627098083,0.7381404042243958
0.5115084052085876,0.7977011203765869,0.42448726296424866,0.8519924283027649
0.36101704835891724,0.8597701191902161,0.38318297266960144,0.8652751445770264
0.2733915448188782,0.9031198620796204,0.3484227955341339,0.8709677457809448
0.2098674774169922,0.9316912889480591,0.35704901814460754,0.8766603469848633
0.17992658913135529,0.935960590839386,0.4183168113231659,0.8690702319145203
0.1524437814950943,0.9484400749206543,0.41464996337890625,0.8766603469848633
