loss,accuracy,val_loss,val_accuracy
0.7587560415267944,0.8371100425720215,0.486296147108078,0.8500948548316956
0.2500815987586975,0.9444991946220398,0.33699607849121094,0.8823529481887817
0.13587184250354767,0.9694581031799316,0.3123888373374939,0.8918406367301941
0.09470133483409882,0.9779967069625854,0.3079356253147125,0.8956356644630432
0.06767790019512177,0.984236478805542,0.31355565786361694,0.8937381505966187
0.05000033974647522,0.9901477694511414,0.32272735238075256,0.8937381505966187
0.03843904286623001,0.9914613962173462,0.3323917090892792,0.8956356644630432
