loss,accuracy,val_loss,val_accuracy
0.4812976121902466,0.8709359765052795,0.3622850477695465,0.8861480355262756
0.11598192155361176,0.9727421998977661,0.34206798672676086,0.8804554343223572
0.05063609406352043,0.9901477694511414,0.35988399386405945,0.8861480355262756
0.02649078145623207,0.9940886497497559,0.3950116038322449,0.8823529481887817
0.01849248632788658,0.9970443248748779,0.42512744665145874,0.8880455493927002
